name,age,PA,AVG,OBP,SLG,OPS,ISO,k_rate,bb_rate
Aaron Judge,33,679,0.33086876155268,0.456553755522828,0.687615526802218,1.14416928232505,0.356746765249538,0.235640648011782,0.182621502209131
Shohei Ohtani,30,725,0.281505728314239,0.391724137931035,0.621931260229133,1.01365539816017,0.340425531914894,0.257931034482759,0.150344827586207
Nick Kurtz,22,488,0.290476190476191,0.383196721311475,0.619047619047619,1.00224434035909,0.328571428571429,0.309426229508197,0.129098360655738
George Springer,35,579,0.309236947791165,0.398963730569948,0.560240963855422,0.95920469442537,0.251004016064257,0.191709844559585,0.119170984455959
Cal Raleigh,28,705,0.246644295302013,0.35886524822695,0.588926174496644,0.947791422723595,0.342281879194631,0.266666666666667,0.13758865248227
Ronald Acuña,27,412,0.289940828402367,0.41747572815534,0.517751479289941,0.935227207445281,0.227810650887574,0.247572815533981,0.172330097087379
Kyle Schwarber,32,724,0.240066225165563,0.364640883977901,0.562913907284768,0.927554791262669,0.322847682119205,0.272099447513812,0.149171270718232
Juan Soto,26,714,0.263431542461005,0.395511921458626,0.525129982668978,0.920641904127603,0.261698440207972,0.19187675070028,0.177871148459384
Kyle Stowers,27,457,0.288220551378446,0.368421052631579,0.543859649122807,0.912280701754386,0.255639097744361,0.273522975929978,0.105032822757112
Will Smith,30,436,0.295580110497238,0.403669724770642,0.497237569060774,0.900907293831416,0.201657458563536,0.204128440366972,0.146788990825688
Ketel Marte,31,556,0.283333333333333,0.37589928057554,0.516666666666667,0.892565947242206,0.233333333333333,0.149280575539568,0.115107913669065
Corbin Carroll,24,642,0.25886524822695,0.342679127725857,0.540780141843972,0.883459269569828,0.281914893617021,0.238317757009346,0.104361370716511
Jonathan Aranda,27,422,0.316216216216216,0.393364928909953,0.489189189189189,0.882554118099142,0.172972972972973,0.253554502369668,0.0971563981042654
Byron Buxton,31,542,0.264344262295082,0.326568265682657,0.551229508196721,0.877797773879378,0.286885245901639,0.273062730627306,0.0756457564575646
Pete Alonso,30,709,0.272435897435897,0.346967559943583,0.524038461538462,0.871006021482044,0.251602564102564,0.228490832157969,0.0860366713681241
Freddie Freeman,35,627,0.294964028776978,0.366826156299841,0.501798561151079,0.86862471745092,0.206834532374101,0.20414673046252,0.0956937799043062
Michael Busch,27,592,0.261450381679389,0.342905405405405,0.522900763358779,0.865806168764184,0.261450381679389,0.234797297297297,0.0945945945945946
Jose Ramirez,32,672,0.283305227655987,0.360119047619048,0.502529510961214,0.862648558580262,0.219224283305228,0.110119047619048,0.0982142857142857
Shea Langeliers,27,523,0.276507276507277,0.325047801147228,0.536382536382536,0.861430337529764,0.25987525987526,0.196940726577438,0.0688336520076482
Corey Seager,31,445,0.271052631578947,0.373033707865169,0.486842105263158,0.859875813128326,0.215789473684211,0.195505617977528,0.130337078651685
Ramon Laureano,30,488,0.281179138321996,0.342213114754098,0.512471655328798,0.854684770082897,0.231292517006803,0.243852459016393,0.0717213114754098
Bobby Witt,25,687,0.295345104333868,0.35080058224163,0.500802568218299,0.851603150459929,0.20545746388443,0.181950509461426,0.0713245997088792
Geraldo Perdomo,25,720,0.289782244556114,0.389044943820225,0.462311557788945,0.85135650160917,0.172529313232831,0.115277777777778,0.130555555555556
Rafael Devers,28,729,0.252059308072488,0.371742112482853,0.479406919275124,0.851149031757977,0.227347611202636,0.263374485596708,0.15363511659808
Matt Olson,31,724,0.272435897435897,0.366022099447514,0.483974358974359,0.849996458421873,0.211538461538462,0.243093922651934,0.125690607734807
Vladimir Guerrero,26,680,0.292020373514431,0.380882352941176,0.466893039049236,0.847775391990412,0.174872665534805,0.138235294117647,0.119117647058824
Yandy Diaz,33,651,0.300171526586621,0.365591397849462,0.481989708404803,0.847581106254265,0.181818181818182,0.141321044546851,0.0875576036866359
Junior Caminero,21,653,0.264119601328904,0.310872894333844,0.534883720930233,0.845756615264076,0.270764119601329,0.191424196018377,0.0627871362940276
Bryce Harper,32,580,0.261477045908184,0.356896551724138,0.487025948103792,0.84392249982793,0.225548902195609,0.208620689655172,0.120689655172414
Hunter Goodman,25,579,0.277777777777778,0.322970639032815,0.52037037037037,0.843341009403186,0.242592592592593,0.262521588946459,0.0569948186528497
Kyle Tucker,28,595,0.266,0.377104377104377,0.464,0.841104377104377,0.198,0.147899159663866,0.146218487394958
Jeremy Peña,27,543,0.304259634888438,0.363468634686347,0.476673427991886,0.840142062678233,0.172413793103448,0.171270718232044,0.0644567219152855
Bo Bichette,27,628,0.310996563573883,0.356687898089172,0.482817869415808,0.83950576750498,0.171821305841924,0.144904458598726,0.0636942675159236
Ivan Herrera,25,450,0.283505154639175,0.373333333333333,0.463917525773196,0.837250859106529,0.180412371134021,0.186666666666667,0.0955555555555556
Ben Rice,26,528,0.254817987152034,0.337121212121212,0.498929336188437,0.836050548309649,0.244111349036403,0.189393939393939,0.0946969696969697
James Wood,22,689,0.255852842809365,0.34978229317852,0.474916387959866,0.824698681138386,0.219063545150502,0.320754716981132,0.123367198838897
Mickey Moniak,27,461,0.269585253456221,0.3058568329718,0.518433179723502,0.824290012695303,0.248847926267281,0.238611713665944,0.0477223427331887
Eugenio Suarez,33,657,0.227891156462585,0.298325722983257,0.525510204081633,0.82383592706489,0.297619047619048,0.298325722983257,0.0700152207001522
Alex Bregman,31,495,0.272517321016166,0.35959595959596,0.46189376443418,0.82148972403014,0.189376443418014,0.141414141414141,0.103030303030303
Jorge Polanco,31,524,0.265392781316348,0.326295585412668,0.494692144373673,0.820987729786341,0.229299363057325,0.156488549618321,0.0801526717557252
Tyler Soderstrom,23,624,0.276292335115865,0.346153846153846,0.47415329768271,0.820307143836556,0.197860962566845,0.225961538461538,0.0881410256410256
Josh Naylor,28,600,0.294659300184162,0.353333333333333,0.462246777163904,0.815580110497238,0.167587476979742,0.138333333333333,0.08
Brent Rooker,30,698,0.261980830670927,0.335243553008596,0.479233226837061,0.814476779845657,0.217252396166134,0.222063037249284,0.0931232091690544
Fernando Tatis,26,691,0.267676767676768,0.367583212735166,0.446127946127946,0.813711158863113,0.178451178451178,0.186685962373372,0.128798842257598
Cody Bellinger,29,656,0.272108843537415,0.333841463414634,0.479591836734694,0.813433300149328,0.207482993197279,0.13719512195122,0.086890243902439
Jazz Chisholm,27,531,0.242424242424242,0.332075471698113,0.480519480519481,0.812594952217594,0.238095238095238,0.278719397363465,0.109227871939736
Trea Turner,32,639,0.303904923599321,0.355242566510172,0.456706281833616,0.811948848343788,0.152801358234295,0.167449139280125,0.0672926447574335
Francisco Lindor,31,732,0.267080745341615,0.345628415300546,0.46583850931677,0.811466924617317,0.198757763975155,0.17896174863388,0.0887978142076503
Trent Grisham,28,581,0.234817813765182,0.347676419965577,0.463562753036437,0.811239173002014,0.228744939271255,0.235800344234079,0.141135972461274
Drake Baldwin,24,446,0.274074074074074,0.340807174887892,0.469135802469136,0.809942977357028,0.195061728395062,0.152466367713004,0.0852017937219731
Isaac Paredes,26,438,0.253968253968254,0.351598173515982,0.457671957671958,0.809270131187939,0.203703703703704,0.17351598173516,0.114155251141553
Riley Greene,24,655,0.258333333333333,0.312977099236641,0.493333333333333,0.806310432569975,0.235,0.306870229007634,0.0702290076335878
Seiya Suzuki,30,651,0.245183887915937,0.325652841781874,0.478108581436077,0.803761423217951,0.23292469352014,0.251920122887865,0.109062980030722
Ryan O'Hearn,31,544,0.280590717299578,0.365808823529412,0.436708860759494,0.802517684288906,0.156118143459916,0.200367647058824,0.106617647058824
Alec Burleson,26,544,0.289738430583501,0.342541436464088,0.458752515090543,0.801293951554632,0.169014084507042,0.145220588235294,0.0716911764705882
Maikel Garcia,25,666,0.285714285714286,0.351432880844646,0.448739495798319,0.800172376642965,0.163025210084034,0.126126126126126,0.0930930930930931
Jacob Wilson,23,523,0.310699588477366,0.355086372360845,0.444444444444444,0.799530816805289,0.133744855967078,0.0745697896749522,0.0516252390057361
Julio Rodriguez,24,710,0.266871165644172,0.323943661971831,0.473926380368098,0.797870042339929,0.207055214723926,0.214084507042254,0.0619718309859155
Vinnie Pasquantino,27,682,0.264090177133655,0.32258064516129,0.475040257648953,0.797620902810244,0.210950080515298,0.156891495601173,0.0718475073313783
Mike Trout,33,555,0.232456140350877,0.358558558558559,0.43859649122807,0.797155049786629,0.206140350877193,0.320720720720721,0.156756756756757
Harrison Bader,31,501,0.276785714285714,0.347305389221557,0.448660714285714,0.795966103507271,0.171875,0.271457085828343,0.0778443113772455
Christian Yelich,33,644,0.263525305410122,0.343167701863354,0.452006980802792,0.795174682666146,0.18848167539267,0.259316770186335,0.0993788819875776
Manny Machado,32,678,0.27479674796748,0.334808259587021,0.460162601626016,0.794970861213037,0.185365853658537,0.193215339233038,0.0811209439528024
Brice Turang,25,659,0.287671232876712,0.359208523592085,0.434931506849315,0.7941400304414,0.147260273972603,0.227617602427921,0.100151745068285
Zach Neto,24,554,0.256972111553785,0.318840579710145,0.474103585657371,0.792944165367516,0.217131474103586,0.268953068592058,0.0595667870036101
Taylor Ward,31,663,0.227979274611399,0.316742081447964,0.474956822107081,0.791698903555045,0.246977547495682,0.26395173453997,0.113122171945701
Willson Contreras,33,562,0.257142857142857,0.344028520499109,0.446938775510204,0.790967296009313,0.189795918367347,0.252669039145908,0.0782918149466192
Spencer Torkelson,25,649,0.239786856127886,0.332819722650231,0.456483126110124,0.789302848760356,0.216696269982238,0.26040061633282,0.110939907550077
Kerry Carpenter,27,460,0.251732101616628,0.291304347826087,0.496535796766744,0.787840144592831,0.244803695150115,0.230434782608696,0.0391304347826087
Gunnar Henderson,24,651,0.273830155979203,0.348694316436252,0.438474870017331,0.787169186453583,0.164644714038128,0.210445468509985,0.0952380952380952
Spencer Horwitz,27,411,0.271978021978022,0.352798053527981,0.434065934065934,0.786863987593915,0.162087912087912,0.177615571776156,0.10705596107056
Wilyer Abreu,26,417,0.246648793565684,0.317307692307692,0.46916890080429,0.786476593111982,0.222520107238606,0.24220623501199,0.0959232613908873
Brandon Marsh,27,424,0.279683377308707,0.342042755344418,0.443271767810026,0.785314523154444,0.163588390501319,0.259433962264151,0.089622641509434
Brandon Lowe,30,553,0.256410256410256,0.307414104882459,0.477317554240631,0.78473165912309,0.220907297830375,0.269439421338156,0.0687160940325497
Isaac Collins,27,441,0.263440860215054,0.367579908675799,0.411290322580645,0.778870231256444,0.147849462365591,0.210884353741497,0.129251700680272
Jo Adell,26,570,0.23574144486692,0.292982456140351,0.484790874524715,0.777773330665066,0.249049429657795,0.264912280701754,0.0578947368421053
Elly De La Cruz,23,699,0.263910969793323,0.336194563662375,0.440381558028617,0.776576121690992,0.176470588235294,0.258941344778255,0.0958512160228898
Wyatt Langford,23,573,0.241308793456033,0.343804537521815,0.431492842535787,0.775297380057602,0.190184049079755,0.263525305410122,0.129144851657941
Brendan Donovan,28,515,0.28695652173913,0.352826510721248,0.421739130434783,0.77456564115603,0.134782608695652,0.130097087378641,0.0815533980582524
Jarren Duran,28,696,0.256451612903226,0.332374100719425,0.441935483870968,0.774309584590392,0.185483870967742,0.242816091954023,0.0862068965517242
Jackson Merrill,22,483,0.263636363636364,0.317427385892116,0.456818181818182,0.774245567710298,0.193181818181818,0.22360248447205,0.0683229813664596
Andy Pages,24,624,0.271944922547332,0.3125,0.461273666092943,0.773773666092943,0.189328743545611,0.216346153846154,0.046474358974359
Jose Altuve,35,654,0.26530612244898,0.329249617151608,0.442176870748299,0.771426487899907,0.17687074829932,0.166666666666667,0.0840978593272171
Zach McKinstry,30,511,0.258849557522124,0.333333333333333,0.438053097345133,0.771386430678466,0.179203539823009,0.217221135029354,0.0900195694716243
Jackson Chourio,21,589,0.269581056466302,0.307823129251701,0.462659380692168,0.770482509943868,0.193078324225865,0.205432937181664,0.0509337860780985
Matt Chapman,32,535,0.231277533039648,0.340186915887851,0.429515418502203,0.769702334390053,0.198237885462555,0.235514018691589,0.132710280373832
Alejandro Kirk,26,506,0.28159645232816,0.347826086956522,0.421286031042129,0.76911211799865,0.139689578713969,0.116600790513834,0.0948616600790514
Kyle Manzardo,24,531,0.234042553191489,0.312617702448211,0.45531914893617,0.767936851384381,0.221276595744681,0.254237288135593,0.0903954802259887
Pete Crow-Armstrong,23,647,0.247038917089679,0.287051482059282,0.480541455160745,0.767592937220027,0.233502538071066,0.239567233384853,0.044822256568779
Austin Hays,29,416,0.265789473684211,0.314903846153846,0.452631578947368,0.767535425101215,0.186842105263158,0.257211538461538,0.0697115384615385
Ian Happ,30,663,0.242530755711775,0.342383107088989,0.420035149384886,0.762418256473875,0.177504393673111,0.227752639517345,0.131221719457014
Carson Kelly,30,421,0.249322493224932,0.332541567695962,0.428184281842818,0.76072584953878,0.178861788617886,0.190023752969121,0.106888361045131
Brandon Nimmo,32,652,0.262350936967632,0.324116743471582,0.436115843270869,0.760232586742451,0.173764906303237,0.216257668711656,0.0766871165644172
Randy Arozarena,30,709,0.238172920065253,0.334273624823695,0.425774877650897,0.760048502474593,0.187601957585644,0.269393511988717,0.0902679830747532
Sal Frelick,25,590,0.287878787878788,0.350936967632027,0.40530303030303,0.756239997935058,0.117424242424242,0.135593220338983,0.0796610169491525
Addison Barger,25,501,0.243478260869565,0.301397205588822,0.454347826086957,0.755745031675779,0.210869565217391,0.241516966067864,0.0718562874251497
Marcell Ozuna,34,591,0.232032854209446,0.355329949238579,0.40041067761807,0.755740626856649,0.168377823408624,0.243654822335025,0.159052453468697
William Contreras,27,659,0.259717314487633,0.355083459787557,0.399293286219081,0.754376746006638,0.139575971731449,0.182094081942337,0.127465857359636
Dillon Dingler,26,468,0.27816091954023,0.326923076923077,0.425287356321839,0.752210433244916,0.147126436781609,0.235042735042735,0.0491452991452992
Ryan Jeffers,28,464,0.266009852216749,0.355603448275862,0.396551724137931,0.752155172413793,0.130541871921182,0.196120689655172,0.107758620689655
Brett Baty,25,431,0.254452926208651,0.31322505800464,0.435114503816794,0.748339561821434,0.180661577608143,0.250580046403712,0.0765661252900232
CJ Abrams,24,635,0.256896551724138,0.315457413249211,0.432758620689655,0.748216033938867,0.175862068965517,0.196850393700787,0.0582677165354331
Colt Keith,23,468,0.256038647342995,0.333333333333333,0.41304347826087,0.746376811594203,0.157004830917874,0.217948717948718,0.102564102564103
Gavin Sheets,29,545,0.252032520325203,0.31743119266055,0.428861788617886,0.746292981278437,0.176829268292683,0.196330275229358,0.0807339449541285
Jeff McNeil,33,462,0.243107769423559,0.334782608695652,0.411027568922306,0.745810177617958,0.167919799498747,0.119047619047619,0.106060606060606
Gleyber Torres,28,628,0.255639097744361,0.35828025477707,0.387218045112782,0.745498299889852,0.131578947368421,0.160828025477707,0.135350318471338
Jake Cronenworth,31,514,0.24582338902148,0.366666666666667,0.37708830548926,0.743754972155927,0.13126491646778,0.208171206225681,0.134241245136187
TJ Friedl,29,685,0.260794473229706,0.36417033773862,0.378238341968912,0.742408679707532,0.117443868739206,0.167883211678832,0.118248175182482
Nolan Schanuel,23,564,0.264344262295082,0.352941176470588,0.389344262295082,0.74228543876567,0.125,0.125886524822695,0.104609929078014
Josh Bell,32,533,0.237179487179487,0.324577861163227,0.416666666666667,0.741244527829894,0.17948717948718,0.165103189493433,0.106941838649156
Alec Bohm,28,504,0.286637931034483,0.331349206349206,0.40948275862069,0.740831964969896,0.122844827586207,0.162698412698413,0.0575396825396825
Trevor Story,32,654,0.263071895424837,0.30781010719755,0.433006535947713,0.740816643145262,0.169934640522876,0.269113149847095,0.0504587155963303
Willy Adames,29,685,0.225042301184433,0.318248175182482,0.421319796954315,0.739567972136797,0.196277495769882,0.261313868613139,0.116788321167883
Nico Hoerner,28,649,0.297161936560935,0.345146379044684,0.393989983305509,0.739136362350193,0.0968280467445743,0.0755007704160247,0.0600924499229584
Teoscar Hernandez,32,545,0.246575342465753,0.284403669724771,0.454011741682975,0.738415411407745,0.207436399217221,0.245871559633028,0.0477064220183486
Andrew Benintendi,30,469,0.24047619047619,0.307036247334755,0.430952380952381,0.737988628287136,0.190476190476191,0.174840085287846,0.0852878464818763
Austin Riley,28,447,0.259615384615385,0.308724832214765,0.427884615384615,0.736609447599381,0.168269230769231,0.286353467561521,0.0604026845637584
Mike Yastrzemski,34,558,0.232704402515723,0.33273381294964,0.40251572327044,0.735249536220081,0.169811320754717,0.193548387096774,0.129032258064516
Jung Hoo Lee,26,617,0.266071428571429,0.327390599675851,0.407142857142857,0.734533456818708,0.141071428571429,0.115072933549433,0.0761750405186386
Carlos Correa,30,584,0.2756052141527,0.332191780821918,0.402234636871508,0.734426417693426,0.126629422718808,0.193493150684932,0.077054794520548
Jordan Beck,24,587,0.257884972170686,0.316865417376491,0.415584415584416,0.732449832960906,0.157699443413729,0.296422487223169,0.0732538330494038
Mookie Betts,32,663,0.258064516129032,0.32579185520362,0.405772495755518,0.731564350959138,0.147707979626486,0.102564102564103,0.0920060331825038
Paul Goldschmidt,37,531,0.274028629856851,0.327683615819209,0.402862985685072,0.730546601504281,0.128834355828221,0.188323917137476,0.0677966101694915
Nathan Lukes,30,438,0.255154639175258,0.322505800464037,0.407216494845361,0.729722295309398,0.152061855670103,0.136986301369863,0.0867579908675799
Salvador Perez,35,638,0.236180904522613,0.283699059561129,0.445561139028476,0.729260198589604,0.209380234505863,0.195924764890282,0.0438871473354232
Heliot Ramos,25,695,0.256451612903226,0.328057553956835,0.4,0.728057553956835,0.143548387096774,0.227338129496403,0.0748201438848921
Lenyn Sosa,25,544,0.264478764478765,0.292817679558011,0.434362934362934,0.727180613920945,0.16988416988417,0.233455882352941,0.0330882352941177
Trevor Larnach,28,566,0.250497017892644,0.323321554770318,0.403578528827038,0.726900083597356,0.153081510934394,0.215547703180212,0.0936395759717314
Carlos Narváez,26,446,0.240694789081886,0.306306306306306,0.419354838709677,0.725661145015984,0.178660049627792,0.248878923766816,0.0852017937219731
Gavin Lux,27,503,0.269058295964126,0.349900596421471,0.374439461883408,0.724340058304879,0.105381165919283,0.226640159045726,0.111332007952286
Spencer Steer,27,568,0.237721021611002,0.312169312169312,0.410609037328094,0.722778349497407,0.172888015717092,0.227112676056338,0.0897887323943662
J. P. Crawford,30,654,0.264912280701754,0.351851851851852,0.370175438596491,0.722027290448343,0.105263157894737,0.186544342507645,0.113149847094801
Caleb Durbin,25,506,0.256179775280899,0.333996023856859,0.386516853932584,0.720512877789443,0.130337078651685,0.0988142292490119,0.0592885375494071
Bryan Reynolds,30,654,0.245315161839864,0.318042813455658,0.402044293015332,0.72008710647099,0.156729131175468,0.264525993883792,0.0871559633027523
Xander Bogaerts,32,552,0.262729124236253,0.328493647912886,0.391038696537678,0.719532344450564,0.128309572301426,0.170289855072464,0.0869565217391304
Jasson Domínguez,22,429,0.257217847769029,0.331002331002331,0.388451443569554,0.719453774571885,0.131233595800525,0.268065268065268,0.0955710955710956
Luis Arraez,28,675,0.291935483870968,0.327300150829563,0.391935483870968,0.71923563470053,0.1,0.0311111111111111,0.0503703703703704
Bryson Stott,27,560,0.256513026052104,0.327956989247312,0.390781563126253,0.718738552373564,0.134268537074148,0.1625,0.0964285714285714
Andrew Vaughn,27,447,0.253694581280788,0.307174887892377,0.411330049261084,0.71850493715346,0.157635467980296,0.178970917225951,0.0693512304250559
Christian Walker,34,640,0.237606837606838,0.296875,0.420512820512821,0.717387820512821,0.182905982905983,0.2765625,0.0625
Miguel Vargas,25,569,0.234126984126984,0.31634446397188,0.400793650793651,0.717138114765531,0.166666666666667,0.175746924428823,0.0984182776801406
Dansby Swanson,31,645,0.24406779661017,0.299689440993789,0.416949152542373,0.716638593536162,0.172881355932203,0.26046511627907,0.0728682170542636
Tyler Freeman,26,428,0.281167108753316,0.354460093896714,0.360742705570292,0.715202799467005,0.0795755968169761,0.119158878504673,0.0794392523364486
Lourdes Gurriel,31,546,0.248,0.294871794871795,0.418,0.712871794871795,0.17,0.139194139194139,0.0567765567765568
Austin Wells,25,447,0.219451371571072,0.275167785234899,0.43640897755611,0.711576762791009,0.216957605985037,0.263982102908277,0.0671140939597315
Ernie Clement,29,588,0.277064220183486,0.313253012048193,0.398165137614679,0.711418149662872,0.121100917431193,0.103741496598639,0.0459183673469388
Lawrence Butler,24,630,0.233743409490334,0.305732484076433,0.404217926186292,0.709950410262725,0.170474516695958,0.284126984126984,0.0936507936507937
Ceddanne Rafaela,24,587,0.249084249084249,0.294520547945206,0.413919413919414,0.708439961864619,0.164835164835165,0.199318568994889,0.0477001703577513
Steven Kwan,27,693,0.272,0.330434782608696,0.3744,0.704834782608696,0.1024,0.0865800865800866,0.0793650793650794
Mark Vientos,25,463,0.233490566037736,0.289416846652268,0.412735849056604,0.702152695708872,0.179245283018868,0.248380129589633,0.0647948164146868
Yainer Diaz,26,567,0.256457564575646,0.283950617283951,0.416974169741697,0.700924787025648,0.160516605166052,0.167548500881834,0.0352733686067019
Luis Garcia,25,526,0.252049180327869,0.288973384030418,0.411885245901639,0.700858629932058,0.159836065573771,0.159695817490494,0.0513307984790875
Agustín Ramírez,23,585,0.230912476722533,0.287179487179487,0.41340782122905,0.700587308408537,0.182495344506518,0.193162393162393,0.0615384615384615
Andrew McCutchen,38,549,0.238993710691824,0.333333333333333,0.366876310272537,0.70020964360587,0.127882599580713,0.214936247723133,0.122040072859745
Josh Smith,27,562,0.250505050505051,0.334525939177102,0.365656565656566,0.700182504833668,0.115151515151515,0.177935943060498,0.097864768683274
J. T. Realmuto,34,549,0.256972111553785,0.31511839708561,0.384462151394422,0.699580548480033,0.127490039840637,0.234972677595628,0.063752276867031
Tommy Pham,37,449,0.244897959183673,0.329621380846325,0.369897959183673,0.699519340029999,0.125,0.209354120267261,0.111358574610245
Jesus Sanchez,27,497,0.237250554323725,0.303822937625755,0.394678492239468,0.698501429865222,0.157427937915743,0.221327967806841,0.0845070422535211
Jake Mangum,29,428,0.296296296296296,0.330210772833724,0.367901234567901,0.698112007401625,0.071604938271605,0.149532710280374,0.044392523364486
Xavier Edwards,25,619,0.283422459893048,0.342532467532468,0.352941176470588,0.695473644003056,0.0695187165775401,0.142164781906301,0.0791599353796446
Nick Castellanos,33,589,0.250457038391225,0.293718166383701,0.40036563071298,0.694083797096681,0.149908592321755,0.225806451612903,0.0543293718166384
Ryan McMahon,30,586,0.214145383104126,0.312286689419795,0.381139489194499,0.693426178614294,0.166994106090373,0.322525597269625,0.119453924914676
Max Kepler,32,474,0.215827338129496,0.300211416490486,0.390887290167866,0.691098706658352,0.175059952038369,0.19620253164557,0.10126582278481
Cedric Mullins,30,498,0.216091954022989,0.298989898989899,0.390804597701149,0.689794496691048,0.174712643678161,0.240963855421687,0.100401606425703
Jackson Holliday,21,649,0.242320819112628,0.314329738058552,0.37542662116041,0.689756359218961,0.133105802047782,0.215716486902928,0.086286594761171
Matt Shaw,23,437,0.2264631043257,0.295194508009153,0.39440203562341,0.689596543632563,0.16793893129771,0.215102974828375,0.0869565217391304
Edgar Quero,22,403,0.268493150684932,0.332506203473945,0.356164383561644,0.688670587035589,0.0876712328767123,0.176178660049628,0.0794044665012407
Nathaniel Lowe,29,609,0.227777777777778,0.307060755336617,0.381481481481482,0.688542236818099,0.153703703703704,0.261083743842365,0.101806239737274
Lars Nootbaar,27,583,0.233791748526523,0.324742268041237,0.361493123772102,0.686235391813339,0.12770137524558,0.204116638078902,0.109777015437393
Wilmer Flores,33,463,0.241050119331742,0.306695464362851,0.379474940334129,0.68617040469698,0.138424821002387,0.190064794816415,0.0734341252699784
Adam Frazier,33,459,0.267303102625298,0.318777292576419,0.365155131264916,0.683932423841336,0.0978520286396181,0.176470588235294,0.0566448801742919
Josh Jung,27,511,0.25103734439834,0.293542074363992,0.390041493775934,0.683583568139926,0.139004149377593,0.252446183953033,0.0528375733855186
Ty France,30,490,0.256756756756757,0.320408163265306,0.36036036036036,0.680768523625666,0.103603603603604,0.169387755102041,0.0448979591836735
Javier Baez,32,436,0.256594724220624,0.282110091743119,0.398081534772182,0.680191626515302,0.141486810551559,0.25,0.0229357798165138
Willi Castro,28,454,0.22636815920398,0.313465783664459,0.365671641791045,0.679137425455504,0.139303482587065,0.244493392070485,0.0881057268722467
Michael Harris,24,641,0.248772504091653,0.268445839874411,0.409165302782324,0.677611142656735,0.160392798690671,0.199687987519501,0.0249609984399376
Oneil Cruz,26,544,0.199575371549894,0.297794117647059,0.37791932059448,0.675713438241539,0.178343949044586,0.319852941176471,0.117647058823529
Eric Wagaman,27,514,0.25,0.295719844357977,0.378151260504202,0.673871104862178,0.128151260504202,0.194552529182879,0.0622568093385214
Masyn Winn,23,537,0.252545824847251,0.310280373831776,0.362525458248473,0.672805832080248,0.109979633401222,0.189944134078212,0.0633147113594041
Otto Lopez,26,594,0.246323529411765,0.304713804713805,0.367647058823529,0.672360863537334,0.121323529411765,0.138047138047138,0.0740740740740741
Royce Lewis,26,403,0.236702127659575,0.28287841191067,0.388297872340426,0.671176284251096,0.151595744680851,0.198511166253102,0.0620347394540943
Chandler Simpson,24,439,0.294685990338164,0.325688073394495,0.345410628019324,0.671098701413819,0.0507246376811594,0.0979498861047836,0.0455580865603645
Ozzie Albies,28,667,0.240464344941957,0.305847076461769,0.364842454394693,0.670689530856462,0.124378109452736,0.140929535232384,0.0824587706146927
Cam Smith,22,493,0.235827664399093,0.31237322515213,0.35827664399093,0.67064986914306,0.122448979591837,0.27789046653144,0.0872210953346856
Jonathan India,28,567,0.233400402414487,0.323321554770318,0.346076458752515,0.669398013522833,0.112676056338028,0.18694885361552,0.0952380952380952
Marcus Semien,34,534,0.229787234042553,0.305243445692884,0.363829787234043,0.669073232926927,0.134042553191489,0.174157303370787,0.0936329588014981
Nolan Gorman,25,402,0.205128205128205,0.296019900497512,0.37037037037037,0.666390270867883,0.165242165242165,0.338308457711443,0.116915422885572
Nolan Arenado,34,436,0.236907730673317,0.288990825688073,0.376558603491272,0.665549429179345,0.139650872817955,0.112385321100917,0.0642201834862385
Adolis Garcia,32,547,0.226824457593688,0.270566727605119,0.394477317554241,0.66504404515936,0.167652859960552,0.246800731261426,0.0511882998171847
Anthony Volpe,24,596,0.211502782931354,0.27150084317032,0.391465677179963,0.662966520350283,0.179962894248609,0.251677852348993,0.0721476510067114
Luis Robert,27,428,0.222513089005236,0.297423887587822,0.363874345549738,0.66129823313756,0.141361256544503,0.261682242990654,0.0934579439252336
Nick Gonzales,26,408,0.259842519685039,0.299019607843137,0.362204724409449,0.661224332252586,0.102362204724409,0.178921568627451,0.0514705882352941
Bo Naylor,25,414,0.194986072423398,0.282238442822384,0.37883008356546,0.661068526387844,0.183844011142061,0.239130434782609,0.108695652173913
Alek Thomas,25,469,0.249422632794457,0.289416846652268,0.369515011547344,0.658931858199612,0.120092378752887,0.260127931769723,0.0447761194029851
Brooks Lee,24,527,0.236139630390144,0.284629981024668,0.369609856262834,0.654239837287502,0.13347022587269,0.174573055028463,0.0588235294117647
Kyle Isbel,28,409,0.255434782608696,0.300505050505051,0.353260869565217,0.653765920070268,0.0978260869565217,0.180929095354523,0.0562347188264059
Brenton Doyle,27,538,0.233067729083665,0.274253731343284,0.376494023904383,0.650747755247666,0.143426294820717,0.256505576208178,0.0557620817843866
Josh Lowe,27,435,0.21969696969697,0.283410138248848,0.366161616161616,0.649571754410464,0.146464646464647,0.250574712643678,0.0758620689655172
Chase Meidroth,23,505,0.253333333333333,0.328685258964143,0.32,0.648685258964143,0.0666666666666667,0.142574257425743,0.0891089108910891
Matt McLain,25,577,0.219607843137255,0.299651567944251,0.343137254901961,0.642788822846212,0.123529411764706,0.289428076256499,0.0953206239168111
Gabriel Arias,25,471,0.219907407407407,0.274468085106383,0.363425925925926,0.637894011032309,0.143518518518519,0.343949044585987,0.0573248407643312
Michael Conforto,32,486,0.198564593301435,0.304526748971193,0.332535885167464,0.637062634138658,0.133971291866029,0.248971193415638,0.11522633744856
Daniel Schneemann,28,422,0.205804749340369,0.282660332541568,0.353562005277045,0.636222337818612,0.147757255936675,0.277251184834123,0.0900473933649289
Carlos Santana,39,474,0.219277108433735,0.308016877637131,0.325301204819277,0.633318082456408,0.106024096385542,0.191983122362869,0.109704641350211
Isiah Kiner-Falefa,30,459,0.262180974477958,0.297356828193833,0.334106728538283,0.631463556732116,0.0719257540603248,0.167755991285403,0.037037037037037
Logan O'Hoppe,25,451,0.212765957446809,0.257777777777778,0.371158392434988,0.628936170212766,0.15839243498818,0.30820399113082,0.0532150776053215
Angel Martínez,23,484,0.224215246636771,0.269311064718163,0.358744394618834,0.628055459336997,0.134529147982063,0.227272727272727,0.0475206611570248
Luis Rengifo,28,541,0.2375249500998,0.287037037037037,0.335329341317365,0.622366378354402,0.0978043912175649,0.192236598890943,0.0609981515711645
Jonah Heim,30,433,0.212658227848101,0.270833333333333,0.331645569620253,0.602478902953586,0.118987341772152,0.203233256351039,0.0739030023094688
Patrick Bailey,26,452,0.222493887530562,0.276785714285714,0.32518337408313,0.601969088368844,0.102689486552567,0.29424778761062,0.0663716814159292
Victor Scott,24,463,0.21608040201005,0.304635761589404,0.296482412060302,0.601118173649706,0.0804020100502513,0.239740820734341,0.0907127429805616
Nolan Jones,27,403,0.211267605633803,0.296019900497512,0.304225352112676,0.600245252610189,0.0929577464788732,0.280397022332506,0.0967741935483871
Ke'Bryan Hayes,28,570,0.235294117647059,0.289982425307557,0.30550284629981,0.595485271607367,0.0702087286527514,0.194736842105263,0.0631578947368421
Joey Ortiz,26,506,0.229787234042553,0.276,0.317021276595745,0.593021276595745,0.0872340425531915,0.146245059288538,0.0533596837944664
Nick Allen,26,416,0.221024258760108,0.284313725490196,0.250673854447439,0.534987579937635,0.0296495956873315,0.237980769230769,0.0745192307692308
